id,zh_title,ru_title,current_def_starts_with,current_def_ru_term,category,has_ru_def,issue
50,缩略记号,аббревиатура,缩略记号。знаки сокращения,,记谱法与乐理基础,True,no_exact_match
51,声音,звук,声音。физическое явление,,记谱法与乐理基础,True,no_exact_match
52,音列,звукоряд,音列。все звуки музыкальной системы,см.,记谱法与乐理基础,True,no_exact_match
53,谱号,ключ,谱号。условный знак,,记谱法与乐理基础,True,no_exact_match
54,调号（复数）,ключевые знаки,调号,复数,记谱法与乐理基础,True,no_exact_match
56,记谱法,нотация,,,记谱法与乐理基础,True,no_exact_match
58,谱架/指挥台,пульт,,,记谱法与乐理基础,True,no_exact_match
60,音高,высота звука,音高。одно из основных свойств музыкального звука,см. звук. музыкальный звук,记谱法与乐理基础,True,no_exact_match
62,钩谱号,крюки,钩谱号。условные знаки,,记谱法与乐理基础,True,no_exact_match
68,音名字母标注,буквенные обозначения звуков,,,记谱法与乐理基础,True,no_exact_match
71,速度,темп,速度是音乐进行的快慢程度,,节拍节奏与速度,True,no_exact_match
84,拍（节拍单位）,бит,拍,节拍单位,节拍节奏与速度,True,no_exact_match
85,拍（节拍）,доля такта,拍,节拍,节拍节奏与速度,True,no_exact_match
86,节拍（音乐拍子）,музыкальный размер,节拍,音乐拍子,节拍节奏与速度,True,no_exact_match
87,不完全小节,неполный такт,不完全小节。такт,,节拍节奏与速度,True,no_exact_match
88,九连音,новемдоль,九连音。особая ритмическая фигура,,节拍节奏与速度,True,no_exact_match
89,附点节奏,пунктирный ритм,附点节奏。см. Ритм. ПУЧЧИНИ Джакомо,1858—1924,节拍节奏与速度,True,no_exact_match
92,六连音,секстоль,六连音。особая ритмическая фигура,,节拍节奏与速度,True,no_exact_match
94,击拍,тактирование,击拍。движения рук,или постукивание ногой,节拍节奏与速度,True,no_exact_match
95,十连音,децимоль,十连音。особая ритмическая фигура,,节拍节奏与速度,True,no_exact_match
96,音的时值,длительность звука,音的时值。продолжительность звучания,,节拍节奏与速度,True,no_exact_match
100,四连音,квартоль,四连音。особая ритмическая фигура,,节拍节奏与速度,True,no_exact_match
101,五连音,квинтоль,五连音。особая ритмическая фигура,,节拍节奏与速度,True,no_exact_match
122,生动地（animato）,анимато,生动地,анимато/animato,节拍节奏与速度,True,no_exact_match
159,音量,громкость звука,,,节拍节奏与速度,True,no_exact_match
160,力度层次,динамические оттенки,力度层次。указания,,节拍节奏与速度,True,no_exact_match
183,全音,тон,,,音阶调式与和声,True,no_exact_match
195,十度,децима,十度。особая ритмическая фигура,,音阶调式与和声,True,no_exact_match
200,十五度,квинтдецима,十五度。один из составных интервалов,см.,音阶调式与和声,True,no_exact_match
202,小,малая,八度,октава,音阶调式与和声,False,no_exact_match
204,减,уменьшенная,五度,квинта,音阶调式与和声,False,no_exact_match
206,大音程,большие интервалы,五声调式,пентатоника,音阶调式与和声,True,no_exact_match
207,多利亚六度,дорийская секста,,,音阶调式与和声,True,no_exact_match
208,基础,основание интервала,五六和弦,квинтсекстаккорд,音阶调式与和声,True,no_exact_match
209,增音程,увеличенные интервалы,五音,квинтовый тон,音阶调式与和声,True,no_exact_match
210,减音程,уменьшенные интервалы,十一度,ундецима,音阶调式与和声,True,no_exact_match
211,弗里吉亚二度,фригийская секунда,,,音阶调式与和声,True,no_exact_match
212,半音音程,хроматические интервалы,半音音程。интервалы,,音阶调式与和声,True,no_exact_match
213,半音,хроматический полутон,半音。полутон,,音阶调式与和声,True,no_exact_match
214,纯音程,чистые интервалы,纯音程。группа интервалов,,音阶调式与和声,True,no_exact_match
216,自然音程,диатонические интервалы,自然音程。интервалы,,音阶调式与和声,True,no_exact_match
217,自然半音,диатонический полутон,自然半音。полутон,,音阶调式与和声,True,no_exact_match
218,利底亚四度,лидийская кварта,利底亚四度。IV,,音阶调式与和声,True,no_exact_match
219,小音程,малые интервалы,,,音阶调式与和声,True,no_exact_match
220,混合利底亚七度,миксолидийская септима,小大七和弦,большой минорный септаккорд,音阶调式与和声,True,no_exact_match
221,音程转位,обращение интервала,大大七和弦,большой мажорный септаккорд,音阶调式与和声,True,no_exact_match
222,基本音程,основные интервалы,小大七和弦,малый мажорный септаккорд / small major seventh chord,音阶调式与和声,True,no_exact_match
223,单音程,простые интервалы,大小七和弦/属七和弦,малый мажорный септаккорд / доминанта септаккорд,音阶调式与和声,True,no_exact_match
228,七和弦,септаккорд,回音,группетто,音阶调式与和声,False,no_exact_match
231,二和弦,секундаккорд,和弦,аккорд,音阶调式与和声,True,no_exact_match
232,大三和弦,мажорное трезвучие,大调,мажор,音阶调式与和声,False,no_exact_match
233,小三和弦,минорное трезвучие,增大七和弦,большой увеличенный септаккорд,音阶调式与和声,False,no_exact_match
234,增三和弦,увеличенное трезвучие,和声大调,гармонический мажор,音阶调式与和声,True,no_exact_match
235,减三和弦,уменьшенное трезвучие,和声小调,гармонический минор,音阶调式与和声,True,no_exact_match
237,小小七,малый минорный / минорный септаккорд,六度,секста,音阶调式与和声,False,no_exact_match
238,减小七,малый уменьшенный септаккорд,六和弦,секстаккорд,音阶调式与和声,False,no_exact_match
239,减减七,уменьшенный септаккорд,旋律小调,мелодический минор,音阶调式与和声,True,no_exact_match
242,增大七,увеличенный септаккорд,九度,нона,音阶调式与和声,False,no_exact_match
243,导七,вводный септаккорд,男高音,тенор,音阶调式与和声,False,no_exact_match
244,转位,обращение,小调,минор,音阶调式与和声,False,no_exact_match
245,和弦音,аккордовый звук,延留音,задержание,音阶调式与和声,True,no_exact_match
246,大七和弦,большие септаккорды,卡农,канон,音阶调式与和声,True,no_exact_match
247,大三和弦,большое трезвучие,模仿,имитация,音阶调式与和声,True,no_exact_match
249,小三和弦,минорное (малое) трезвучие,终止,каданс / каденция,音阶调式与和声,True,no_exact_match
251,和弦三音,терцовый тон аккорда,十三度,терцдецима,音阶调式与和声,True,no_exact_match
252,主三和弦,тоническое трезвучие,半减七和弦,полууменьшённый септаккорд,音阶调式与和声,True,no_exact_match
253,小三和弦,малое трезвучие,还原号/本位号,бекар,音阶调式与和声,True,no_exact_match
254,小七和弦,малые септаккорды,半音,полутон,音阶调式与和声,True,no_exact_match
255,小导七和弦,малый вводный септаккорд,波音,мордент,音阶调式与和声,True,no_exact_match
260,和弦根音,основной тон аккорда,乐感,музыкальный слух,音阶调式与和声,True,no_exact_match
262,和声学,гармония,织体,фактура,音阶调式与和声,True,no_exact_match
265,属音/属和弦,доминанта,等音变换,энгармонический обмен,音阶调式与和声,False,no_exact_match
266,下属音/下属和弦,субдоминанта,绝对音感,абсолютный слух,音阶调式与和声,True,no_exact_match
267,导和弦,вводный аккорд,自然大调,натуральный мажор,音阶调式与和声,False,no_exact_match
269,功能,функция,自然调式,диатонические лады,音阶调式与和声,False,no_exact_match
271,离调,отклонение,调式音级,ступень,音阶调式与和声,False,no_exact_match
272,解决,разрешение,转调,модуляция,音阶调式与和声,True,no_exact_match
273,对位法,контрапункт,,,音阶调式与和声,True,no_exact_match
291,经过音,проходящий звук,经过音。неаккордовый звук,,音阶调式与和声,True,no_exact_match
292,辅助音,вспомогательный звук,辅助音。неаккордовый звук,,音阶调式与和声,True,no_exact_match
295,倚音（和声）,форшлаг (гармонический),和声倚音,форшлаг гармонический,音阶调式与和声,True,no_exact_match
313,伴奏,аккомпанемент,伴奏。музыкальное сопровождение,по-французски accompagner — сопровождать,音阶调式与和声,True,no_exact_match
314,变化音,альтерация,,,音阶调式与和声,True,no_exact_match
315,调式变化音,альтерация ладовая,,,音阶调式与和声,True,no_exact_match
316,转调变化音,альтерация модуляционная,,,音阶调式与和声,True,no_exact_match
317,正音级,главные ступени лада,正音级。I,,音阶调式与和声,True,no_exact_match
318,升C小调,до-диез-минор,,,音阶调式与和声,True,no_exact_match
321,附加音级,добавочные ступени,附加音级。ступени,,音阶调式与和声,True,no_exact_match
322,多利亚调式,дорийский лад,多利亚调式。один из натуральных ладов,см. натуральные лады,音阶调式与和声,True,no_exact_match
323,五度圈,квинтовый круг,低音,бас,音阶调式与和声,True,no_exact_match
324,调式,лад,调式是音乐中音高关系的组织体系,,音阶调式与和声,True,no_exact_match
325,利底亚调式,лидийский лад,利底亚调式。один из натуральных ладов,см. натуральные лады,音阶调式与和声,True,no_exact_match
326,大调音阶,мажорная гамма,大调音阶。звуковой ряд мажорного лада,,音阶调式与和声,True,no_exact_match
327,大小调交替,мажоро-минор,大小调交替。лад,,音阶调式与和声,True,no_exact_match
328,倾向,наклонение,倾向。термин,,音阶调式与和声,True,no_exact_match
330,延留音（持续音）,органный пункт,延留音,持续音,音阶调式与和声,True,no_exact_match
331,基本音级,основные ступени лада,基本音级。ступени лада в их «чистом» виде,,音阶调式与和声,True,no_exact_match
333,和音,созвучие,,,音阶调式与和声,True,no_exact_match
335,律制（平均律）,темперация,律制,平均律,音阶调式与和声,True,no_exact_match
336,四音音列,тетрахорд,四音音列。отрезок звукоряда,,音阶调式与和声,True,no_exact_match
338,稳定音级,устойчивые ступени лада,稳定音级。опорные звуки лада,,音阶调式与和声,True,no_exact_match
339,弗里吉亚调式,фригийский лад,弗里吉亚调式。один из натуральных ладов,см. натуральные лады,音阶调式与和声,True,no_exact_match
340,半音体系,хроматизм,半音体系。повышение или понижение,на полтона,音阶调式与和声,True,no_exact_match
342,等音,энгармонизм,,,音阶调式与和声,True,no_exact_match
344,伊奥利亚调式,эолийский лад,伊奥利亚调式。один из натуральных ладов,см. натуральные лады,音阶调式与和声,True,no_exact_match
345,导入音,вводный тон,"导入音。название тона, прилегающего к тонике лада",как бы вводящего в неё,音阶调式与和声,True,no_exact_match
349,和声配置,гармонизация,,,音阶调式与和声,True,no_exact_match
350,通奏低音,генерал-бас,通奏低音。особый музыкально-технический приём,,音阶调式与和声,True,no_exact_match
352,自然音体系,диатоника,自然音体系。система интервальных соотношений,,音阶调式与和声,True,no_exact_match
353,自然音阶,диатоническая гамма,,,音阶调式与和声,True,no_exact_match
355,伊奥尼亚调式,ионийский лад,伊奥尼亚调式。один из натуральных ладов,см. натуральные лады,音阶调式与和声,True,no_exact_match
356,终止式,каданс,主音,тоника,音阶调式与和声,True,no_exact_match
357,协和音,консонанс,协和音。сочетание 2-х или нескольких звуков,,音阶调式与和声,True,no_exact_match
358,洛克利亚（下弗里吉亚）调式,локрийский (гипофригийский) лад,洛克利亚,下弗里吉亚,音阶调式与和声,True,no_exact_match
360,混合利底亚调式,миксолидийский лад,混合利底亚调式。один из натуральных ладов,см. натуральные лады,音阶调式与和声,True,no_exact_match
361,自然调式,натуральные лады,自然调式。группа семиступенных ладов,,音阶调式与和声,True,no_exact_match
362,自然泛音列,натуральный звукоряд,,,音阶调式与和声,True,no_exact_match
363,非和弦音,неаккордовый звук,非和弦音。звук,,音阶调式与和声,True,no_exact_match
369,同名调,одноимённые тональности,同名调。2 тональности,,音阶调式与和声,True,no_exact_match
371,关系调,параллельные тональности,,,音阶调式与和声,True,no_exact_match
372,十二平均律,равномерно-темперированный строй,十二平均律。музыкальная система,,音阶调式与和声,True,no_exact_match
379,复调音乐,полифония,复调音乐是多个独立旋律同时进行的多声部音乐组织方式，与主调音乐,旋律+伴奏,音阶调式与和声,True,no_exact_match
390,赋格主题,тема (фуги),赋格主题。мелодия,обычно короткая,音阶调式与和声,True,no_exact_match
417,声部进行,голосоведение,,,音阶调式与和声,True,no_exact_match
419,多声部,многоголосие,多声部。музыкальная ткань,,音阶调式与和声,True,no_exact_match
427,奏鸣曲式,сонатная форма,奏鸣曲式是古典音乐中最重要的曲式结构,,曲式与体裁,False,no_exact_match
431,主要部（主部主题）,главная партия (главная тема),主部/主部主题,главная партия,曲式与体裁,True,no_exact_match
442,前奏曲,прелюдия,前奏曲是在主要乐曲之前演奏的短小器乐曲,,曲式与体裁,False,no_exact_match
444,变奏曲,вариация,,,曲式与体裁,True,no_exact_match
446,组曲,сюита,,,曲式与体裁,True,no_exact_match
448,弥撒曲,месса,弥撒曲是为天主教弥撒仪式创作的声乐-器乐曲,,曲式与体裁,True,no_exact_match
449,清唱剧,оратория,清唱剧是有独唱、合唱和管弦乐队的大型声乐-器乐体裁,,曲式与体裁,True,no_exact_match
458,交响诗,симфоническая поэма,交响诗是19世纪浪漫主义时期产生的单乐章标题管弦乐曲体裁,,曲式与体裁,True,no_exact_match
464,练声曲,вокализ,练声曲是用元音,无歌词,曲式与体裁,False,no_exact_match
489,倒影再现,зеркальная реприза,倒影再现。особый вид репризы в сонатной форме,см.,曲式与体裁,True,no_exact_match
491,叠部,рефрен,叠部。основной раздел рондо,,曲式与体裁,True,no_exact_match
495,乐节,фраза / построение,乐句/乐节,фраза,曲式与体裁,True,no_exact_match
517,音乐瞬间,музыкальный момент,,,曲式与体裁,True,no_exact_match
525,连接部（缩写св.п.）,связующая партия (св.п.),连接部,缩写св.п.,曲式与体裁,False,no_exact_match
526,结束部（缩写з.п.）,заключительная партия (з.п.),结束部,缩写з.п.,曲式与体裁,False,no_exact_match
546,阿拉伯风格曲,арабеска,,,曲式与体裁,True,no_exact_match
547,编曲,аранжировка,编曲。см. Переложение. АРЕНСКИЙ Антон Степанович,1861—1906,曲式与体裁,True,no_exact_match
549,颂歌,гимн,颂歌。торжественная песнь,от греч. hymnos — хвалебная песнь,曲式与体裁,True,no_exact_match
550,音乐体裁,жанр,,,曲式与体裁,True,no_exact_match
551,随想曲,каприс,随想曲。см. Каприччио. КАПРИЧЧИО,правильнее каприччо,曲式与体裁,True,no_exact_match
553,小协奏曲,концертино,小协奏曲。небольшой инструментальный концерт,итальянское concertino — уменьшительное от concerto — концерт,曲式与体裁,True,no_exact_match
554,分节歌,куплет,分节歌。раздел куплетной формы,,曲式与体裁,True,no_exact_match
556,曲调,напев,,,曲式与体裁,True,no_exact_match
557,新事曲,новеллетта,,,曲式与体裁,True,no_exact_match
558,颂歌,ода,颂歌。торжественное музыкальное,или поэтическое,曲式与体裁,True,no_exact_match
559,释义曲,"парафраза, парафраз",,,曲式与体裁,True,no_exact_match
561,改编曲,"переложение, аранжировка",,,曲式与体裁,True,no_exact_match
565,乐曲,пьеса,,,曲式与体裁,True,no_exact_match
570,小奏鸣曲,сонатина,小奏鸣曲。соната,,曲式与体裁,True,no_exact_match
571,奏鸣曲式,"сонатная форма, сонатное аллегро",奏鸣曲式。музыкальная форма,,曲式与体裁,True,no_exact_match
577,片段,фрагмент,片段。отрывок,происходит от латинского слова fragmentum — осколок,曲式与体裁,True,no_exact_match
579,套曲曲式,циклические формы,套曲曲式。музыкальные формы,,曲式与体裁,True,no_exact_match
581,贺婚歌,эпиталама,贺婚歌。свадебная песня,,曲式与体裁,True,no_exact_match
582,幽默曲,юмореска,幽默曲。небольшая пьеса юмористического,,曲式与体裁,True,no_exact_match
586,结束段,заключительная часть,,,曲式与体裁,True,no_exact_match
588,传奇曲,легенда,传奇曲。инструментальная пьеса,,曲式与体裁,True,no_exact_match
589,伦敦交响曲,лондонские симфонии,,,曲式与体裁,True,no_exact_match
590,单乐章作品,одночастное произведение,单乐章作品。произведение,,曲式与体裁,True,no_exact_match
591,组曲,партита,组曲。итальянское обозначение сюиты,см.,曲式与体裁,True,no_exact_match
592,无穷动,перпетуум-мобиле,无穷动。виртуозная инструментальная пьеса,,曲式与体裁,True,no_exact_match
595,后奏曲,постлюдия,后奏曲。заключительный раздел произведения,,曲式与体裁,True,no_exact_match
597,乐节,предложение,乐节。один из элементов музыкальной формы,,曲式与体裁,True,no_exact_match
598,利切卡尔,ричеркар,利切卡尔。музыкальная форма,,曲式与体裁,True,no_exact_match
599,小回旋曲,рондино,小回旋曲。рондо небольших размеров,,曲式与体裁,True,no_exact_match
602,连接段,связующая часть,,,曲式与体裁,True,no_exact_match
604,埃格蒙特,эгмонт,,,曲式与体裁,True,no_exact_match
605,前奏曲,"прелюдия, прелюд",,,曲式与体裁,True,no_exact_match
607,小品曲,багатель,小品曲。маленькая пьеса,,曲式与体裁,True,no_exact_match
610,双管编制,парный состав,双管编制。состав симфонического оркестра,,曲式与体裁,True,no_exact_match
611,小赋格,фугетта,"小赋格。небольшая, несложная фуга",fughetta — по-итальянски — маленькая фуга,曲式与体裁,True,no_exact_match
614,田园曲,пастораль,田园曲。музыкальное произведение,,曲式与体裁,True,no_exact_match
618,力度,динамика,力度是音乐中声音强弱的程度,,力度与演奏法,False,no_exact_match
677,柔和地,аттентуто,减弱地,attenuato,力度与演奏法,True,no_exact_match
678,即兴演奏,импровизация,即兴演奏。сочинение музыки во время её исполнения,латинское improvisus — непредвиденный,力度与演奏法,True,no_exact_match
680,泛音,флажолет,泛音。лёгкий,,力度与演奏法,True,no_exact_match
683,花唱,мелизмы,花唱。небольшие мелодические обороты,,力度与演奏法,True,no_exact_match
684,音色处理,нюансировка,,,力度与演奏法,True,no_exact_match
688,预现音,предъем,预现音。звук какого-либо аккорда,,力度与演奏法,True,no_exact_match
745,撕裂（德语）,zerrehen,拖延/渐慢,zerrehen / zerreißen,力度与演奏法,True,no_exact_match
747,全奏,тутти,,,力度与演奏法,True,no_exact_match
748,触键法,туше,,,力度与演奏法,True,no_exact_match
755,手风琴,аккордеон,手风琴。клавишный духовой инструмент,,键盘乐器,True,no_exact_match
756,巴扬手风琴,баян,巴扬手风琴。клавишный духовой инструмент,,键盘乐器,True,no_exact_match
757,维吉那琴,верджинел,,,键盘乐器,True,no_exact_match
758,拨弦古钢琴,клавесин,,,键盘乐器,True,no_exact_match
761,管风琴,орган,管风琴。клавишный духовой инструмент,,键盘乐器,True,no_exact_match
763,钢片琴,челеста,钢片琴。ударно-клавишный инструмент,,键盘乐器,True,no_exact_match
764,手摇风琴,шарманка,手摇风琴。механический духовой инструмент,,键盘乐器,True,no_exact_match
765,手键盘,мануал,手键盘。название клавиатуры на органе,,键盘乐器,True,no_exact_match
766,键盘乐器,клавишные инструменты,键盘乐器。группа музыкальных инструментов,,键盘乐器,True,no_exact_match
767,簧风琴,фисгармония,簧风琴。клавишный духовой инструмент,,键盘乐器,True,no_exact_match
768,巴拉莱卡琴,балалайка,,,弓弦与拨弦乐器,True,no_exact_match
769,班杜拉琴,бандура,,,弓弦与拨弦乐器,True,no_exact_match
770,吉他,гитара,吉他。струнный щипковый инструмент,,弓弦与拨弦乐器,True,no_exact_match
772,古斯里琴,гусли,,,弓弦与拨弦乐器,True,no_exact_match
774,多姆拉琴,домра,,,弓弦与拨弦乐器,True,no_exact_match
776,里拉琴,лира,,,弓弦与拨弦乐器,True,no_exact_match
777,琉特琴,лютня,,,弓弦与拨弦乐器,True,no_exact_match
778,小提琴,скрипка,小提琴是弓弦乐器家族中音域最高的乐器,,弓弦与拨弦乐器,True,no_exact_match
779,弓弦乐器,смычковые инструменты,弓弦乐器。струнные музыкальные инструменты,,弓弦与拨弦乐器,True,no_exact_match
780,弦乐器,струнные музыкальные инструменты,弦乐器。инструменты,,弓弦与拨弦乐器,True,no_exact_match
781,拨弦乐器,щипковые музыкальные инструменты,拨弦乐器。группа струнных инструментов,,弓弦与拨弦乐器,True,no_exact_match
782,电子乐器,электрические музыкальные инструменты,电子乐器。группа музыкальных инструментов,,弓弦与拨弦乐器,True,no_exact_match
783,布祖基琴,бузуки,,,弓弦与拨弦乐器,True,no_exact_match
784,第二小提琴声部,вторые скрипки,,,弓弦与拨弦乐器,True,no_exact_match
785,库姆兹琴,комуз,,,弓弦与拨弦乐器,True,no_exact_match
786,曼陀林,мандолина,,,弓弦与拨弦乐器,True,no_exact_match
787,第一小提琴声部,первые скрипки,第一小提琴声部。группа скрипок в симфоническом,или камерном,弓弦与拨弦乐器,True,no_exact_match
788,科布扎,кобза,,,弓弦与拨弦乐器,True,no_exact_match
789,塔尔琴,тар,塔尔琴。щипковый инструмент,,弓弦与拨弦乐器,True,no_exact_match
790,班卓琴,банджо,班卓琴。струнный щипковый инструмент,,弓弦与拨弦乐器,True,no_exact_match
791,英国管,английский рожок,,,管乐器,True,no_exact_match
793,唢呐（高加索管乐器）,зурна,唢呐,高加索管乐器,管乐器,True,no_exact_match
794,单簧管,кларнет,单簧管是木管乐器,,管乐器,True,no_exact_match
795,科尔内,корнет,科尔内。медный духовой инструмент,,管乐器,True,no_exact_match
796,短号,корнет-а-пистон,短号。усовершенствованный вид корнета,буквально — рожок с клапанами,管乐器,True,no_exact_match
798,长号,тромбон,长号。медный духовой инструмент,,管乐器,True,no_exact_match
799,小号,труба,小号是铜管乐器家族的高音乐器,,管乐器,True,no_exact_match
800,大号,туба,,,管乐器,True,no_exact_match
801,大管（巴松管）,фагот,大管,巴松管,管乐器,True,no_exact_match
803,长笛,флейта,长笛是木管乐器家族的高音乐器,,管乐器,True,no_exact_match
805,双簧管,гобой,双簧管是木管乐器家族的中高音乐器,,管乐器,True,no_exact_match
807,木管乐器,деревянные духовые инструменты,,,管乐器,True,no_exact_match
808,风笛,дуда,,,管乐器,True,no_exact_match
809,管乐器,духовые инструменты,管乐器。музыкальные инструменты,,管乐器,True,no_exact_match
810,扎列伊卡管,жалейка,,,管乐器,True,no_exact_match
812,铜管乐器,медные духовые инструменты,,,管乐器,True,no_exact_match
813,缪塞特风笛,мюзет,,,管乐器,True,no_exact_match
814,奥菲克莱德号,офиклейд,奥菲克莱德号。медный духовой инструмент,,管乐器,True,no_exact_match
816,萨克斯号族,саксгорны,,,管乐器,True,no_exact_match
817,萨克斯管,саксофон,萨克斯管。духовой тростевой инструмент,,管乐器,True,no_exact_match
818,牧笛,свирель,牧笛。русский народный духовой инструмент,,管乐器,True,no_exact_match
820,短笛,пикколо,短笛。название самого маленького,по-итальянски piccolo — маленький,管乐器,True,no_exact_match
821,鼓,барабаны,,,打击乐器与民族乐器,True,no_exact_match
822,钟琴（管钟类）,колокола,钟琴,管钟类,打击乐器与民族乐器,True,no_exact_match
823,铃琴,колокольчики,,,打击乐器与民族乐器,True,no_exact_match
824,铜锣,тамтам,,,打击乐器与民族乐器,True,no_exact_match
825,三角铁,треугольник,,,打击乐器与民族乐器,True,no_exact_match
826,打击乐器,ударные инструменты,打击乐器。группа инструментов,,打击乐器与民族乐器,True,no_exact_match
827,扬琴,цимбалы,,,打击乐器与民族乐器,True,no_exact_match
828,手鼓,бубён,,,打击乐器与民族乐器,True,no_exact_match
829,手鼓,бубень,手鼓。древний ударный инструмент,,打击乐器与民族乐器,True,no_exact_match
830,颤音琴,вибрафон,,,打击乐器与民族乐器,True,no_exact_match
831,锣,гонг,,,打击乐器与民族乐器,True,no_exact_match
832,鼓点,дробь барабанная,,,打击乐器与民族乐器,True,no_exact_match
833,响板,кастаньеты,,,打击乐器与民族乐器,True,no_exact_match
834,木琴,ксилофон,,,打击乐器与民族乐器,True,no_exact_match
835,小军鼓,малый барабан,,,打击乐器与民族乐器,True,no_exact_match
836,金属琴,металлофон,金属琴。см. Колокольчики. МЕТНЕР Николай Карлович,1880—1951,打击乐器与民族乐器,True,no_exact_match
837,民族乐器,народные музыкальные инструменты,民族乐器。музыкальные инструменты,,打击乐器与民族乐器,True,no_exact_match
839,管钟,тубулярные колокола,,,打击乐器与民族乐器,True,no_exact_match
840,钹,тарелки,,,打击乐器与民族乐器,True,no_exact_match
843,活塞,вентиль,,,乐器部件与附件,True,no_exact_match
844,指板,гриф,指板。деталь струнных музыкальных инструментов,смычковых или щипковых,乐器部件与附件,True,no_exact_match
845,面板,дека,,,乐器部件与附件,True,no_exact_match
846,音柱,душка,,,乐器部件与附件,True,no_exact_match
847,弦轴,колок,,,乐器部件与附件,True,no_exact_match
848,管冠,крона,,,乐器部件与附件,True,no_exact_match
849,号嘴,мундштук,号嘴。деталь медных духовых инструментов,,乐器部件与附件,True,no_exact_match
850,共鸣孔,резонаторные отверстия,,,乐器部件与附件,True,no_exact_match
851,圆号,рог,,,乐器部件与附件,True,no_exact_match
852,弓,смычок,,,乐器部件与附件,True,no_exact_match
853,琴弦,струна,琴弦。упругая,,乐器部件与附件,True,no_exact_match
854,弦枕,струнодержатель,,,乐器部件与附件,True,no_exact_match
855,次中音谱号,теноровый ключ,次中音谱号。один из ключей,,乐器部件与附件,True,no_exact_match
856,移调乐器,транспонирующие музыкальные инструменты,移调乐器。инструменты,,乐器部件与附件,True,no_exact_match
857,三管编制,тройной состав,三管编制。состав симфонического оркестра,,乐器部件与附件,True,no_exact_match
858,簧片,трость,,,乐器部件与附件,True,no_exact_match
859,留声机,фонограф,,,乐器部件与附件,True,no_exact_match
860,钢琴小品套曲,циклы фортепианных миниатюр,,,乐器部件与附件,True,no_exact_match
863,簧舌,язычок,簧舌。деталь духовых инструментов,,乐器部件与附件,True,no_exact_match
864,布尔达琴,бурда,,,乐器部件与附件,True,no_exact_match
868,音叉,камертон,音叉。небольшой прибор,обычно в виде стальной двузубчатой вилки,乐器部件与附件,True,no_exact_match
869,松香,канифоль,松香。стекловидное вещество,,乐器部件与附件,True,no_exact_match
870,弓根,колодка,弓根。деталь смычка,,乐器部件与附件,True,no_exact_match
871,高音单簧管,малый кларнети,高音单簧管。хоровой музыкальный инструмент,,乐器部件与附件,True,no_exact_match
874,弦线,нитка,弦线。горизонтальная линия,,乐器部件与附件,True,no_exact_match
877,腮托,подбородник,,,乐器部件与附件,True,no_exact_match
879,琴码,подставка,琴码。небольшая деревянная пластинка,,乐器部件与附件,True,no_exact_match
880,把位,позиция,,,乐器部件与附件,True,no_exact_match
882,喇叭口,раструб,,,乐器部件与附件,True,no_exact_match
883,琴键,клавиша,琴键。специальный рычаг,,乐器部件与附件,True,no_exact_match
884,按键,клапаны,,,乐器部件与附件,True,no_exact_match
892,华彩经过句,рулада,花腔/跑句,рулада/roulade,人声与声乐,True,no_exact_match
923,童声女高音,дискант,,,人声与声乐,True,no_exact_match
926,音域,диапазон,,,人声与声乐,True,no_exact_match
933,第二声部,второй голос,,,人声与声乐,True,no_exact_match
937,歌唱嗓音,певческий голос,,,人声与声乐,True,no_exact_match
938,声部交错,перепение,声部交错。особый случай голосоведения,,人声与声乐,True,no_exact_match
948,呼吸点,цезура (для дыхания),呼吸点/气口,цезура для дыхания,人声与声乐,True,no_exact_match
998,共鸣腔体,резонатор,共鸣体,резонатор/resonator,人声与声乐,True,no_exact_match
1016,嘴型,амбушюр,口型/嘴型,амбушюр/embouchure,人声与声乐,True,no_exact_match
1018,坎特（俄罗斯古典多声部歌曲）,кант,康特,кант/cant,人声与声乐,True,no_exact_match
1019,歌唱,пение,,,人声与声乐,True,no_exact_match
1021,如歌旋律,кантилена,如歌的旋律,кантилена/cantilena,人声与声乐,True,no_exact_match
1022,花腔,колоратура,,,人声与声乐,True,no_exact_match
1023,变声,мутация,变声期,мутация/mutation,人声与声乐,True,no_exact_match
1024,超吹,передувание,,,人声与声乐,True,no_exact_match
1025,音色,тембр,音色是声音的品质特征,,人声与声乐,True,no_exact_match
1033,音区,тесситура,,,人声与声乐,True,no_exact_match
1040,场/景,сцена / картина,舞台,сцена/картина,歌剧术语,True,no_exact_match
1041,前奏曲/序曲（歌剧术语）,прелюдия / вступление,前奏曲/序曲,прелюдия/вступление,歌剧术语,False,no_exact_match
1048,室内乐合奏,ансамбль,室内乐原指在宫廷房间,kammer,歌剧术语,False,no_exact_match
1094,行当,амплуа,行当。1) характерная роль в опере,,歌剧术语,True,no_exact_match
1095,幕间休息,антракт,,,歌剧术语,True,no_exact_match
1096,小咏叹调,ариетта,小咏叹调。небольшая по размеру ария,по-итальянски arietta — маленькая ария,歌剧术语,True,no_exact_match
1099,歌唱剧,зингшпиль,,,歌剧术语,True,no_exact_match
1100,小坎佐纳,канцонетта,小曲/歌曲,канцонетта/canzonetta,歌剧术语,True,no_exact_match
1103,歌剧-芭蕾,опера-балет,歌剧-芭蕾。опера,,歌剧术语,True,no_exact_match
1105,正歌剧,опера-сериа,,,歌剧术语,True,no_exact_match
1107,嬉游曲,дивертисмент,,,歌剧术语,True,no_exact_match
1108,坎佐纳,канцона,,,歌剧术语,True,no_exact_match
1113,咏叙调,ариозо,抒情调,ариозо/arioso,歌剧术语,True,no_exact_match
1123,合唱,хор,合唱是由多人共同演唱的声乐表演形式,,合唱重奏与乐团,True,no_exact_match
1132,无伴奏合唱,a cappella,,,合唱重奏与乐团,True,no_exact_match
1133,九重奏,нонет,,,合唱重奏与乐团,True,no_exact_match
1134,八重奏,октет,,,合唱重奏与乐团,True,no_exact_match
1135,弦乐三重奏,струнное трио,弦乐三重奏。камерный ансамбль,,合唱重奏与乐团,True,no_exact_match
1137,弦乐五重奏,струнный квинтет,,,合唱重奏与乐团,True,no_exact_match
1138,齐奏,унисон,,,合唱重奏与乐团,True,no_exact_match
1139,钢琴合奏,фортепианный ансамбль,钢琴合奏。ансамбль пианистов,напр. фортепианный дуэт,合唱重奏与乐团,True,no_exact_match
1140,钢琴四手联弹,фортепианный дуэт,钢琴四手联弹。ансамбль из 2-х пианистов,,合唱重奏与乐团,True,no_exact_match
1141,钢琴四重奏,фортепианный квартет,钢琴四重奏。ансамбль из 4-х исполнителей,,合唱重奏与乐团,True,no_exact_match
1142,钢琴五重奏,фортепианный квинтет,钢琴五重奏。ансамбль из 5-ти исполнителей,,合唱重奏与乐团,True,no_exact_match
1143,双合唱团,двойной хор,双合唱团。хор,,合唱重奏与乐团,True,no_exact_match
1144,合奏部,рипиено,合奏部。масса оркестра,,合唱重奏与乐团,True,no_exact_match
1147,指挥,дирижёр,指挥是管弦乐队或合唱团的领导者,,合唱重奏与乐团,True,no_exact_match
1165,中提琴演奏者,альтист,中提琴演奏家,альтист/violist,合唱重奏与乐团,True,no_exact_match
1174,音乐学家,музыковед,音乐学家。музыкант,,合唱重奏与乐团,True,no_exact_match
1177,艺术家,артист,艺术家。музыкант-исполнитель,певец,合唱重奏与乐团,True,no_exact_match
1178,阿舒格（高加索游吟诗人）,ашуг,阿舒格,高加索游吟诗人,合唱重奏与乐团,True,no_exact_match
1179,音乐家,музыкант,音乐家。человек,,合唱重奏与乐团,True,no_exact_match
1180,共和国人民艺术家,народный артист республики,共和国人民艺术家。почётное звание,,合唱重奏与乐团,True,no_exact_match
1181,苏联人民艺术家,народный артист ссср,苏联人民艺术家。высшее почётное звание,,合唱重奏与乐团,True,no_exact_match
1182,游吟诗人,трубадур,,,合唱重奏与乐团,True,no_exact_match
1183,行吟诗人,трувер,,,合唱重奏与乐团,True,no_exact_match
1184,音乐神童,вундеркинд,音乐神童。ребёнок,,合唱重奏与乐团,True,no_exact_match
1185,初次登台（首秀）,дебют,初次登台,首秀,合唱重奏与乐团,True,no_exact_match
1186,业余爱好者,дилетант,业余爱好者。человек,,合唱重奏与乐团,True,no_exact_match
1187,获奖者,дипломант,获奖者。звание,,合唱重奏与乐团,True,no_exact_match
1188,指挥艺术,дирижирование,指挥艺术。искусство управления музыкальным коллективом,оркестром,合唱重奏与乐团,True,no_exact_match
1189,容格勒尔,жонглёр,,,合唱重奏与乐团,True,no_exact_match
1192,演奏者,исполнитель,演奏者。музыкант,инструменталист,合唱重奏与乐团,True,no_exact_match
1193,科布扎尔（民间歌手）,кобзарь,科布扎尔,民间歌手,合唱重奏与乐团,True,no_exact_match
1194,获奖者,лауреат,获奖者。почётное звание,,合唱重奏与乐团,True,no_exact_match
1196,名歌手,мейстерзингер,,,合唱重奏与乐团,True,no_exact_match
1197,音乐迷,меломан,音乐迷。страстный любитель музыки,,合唱重奏与乐团,True,no_exact_match
1198,行吟诗人,менестрель,行吟诗人。средневековый музыкант и поэт,,合唱重奏与乐团,True,no_exact_match
1199,恋诗歌手,миннезингер,恋诗歌手。средневековый немецкий поэт,,合唱重奏与乐团,True,no_exact_match
1200,独奏者,солист,,,合唱重奏与乐团,True,no_exact_match
1222,保留曲目,репертуар,曲目,репертуар/reertoire,合唱重奏与乐团,True,no_exact_match
1225,满座告示,аншлаг,满座告示。объявление,,合唱重奏与乐团,True,no_exact_match
1226,管弦乐队,оркестр,,,合唱重奏与乐团,True,no_exact_match
1228,圆号,роговой оркестр,圆号。оркестр,,合唱重奏与乐团,True,no_exact_match
1229,谱架,пюльпитр,谱架。подставка для нот,,合唱重奏与乐团,True,no_exact_match
1231,伴奏钢琴师,тапер,钢琴伴奏师,тапер/taper,合唱重奏与乐团,True,no_exact_match
1232,莫斯科爱乐学术交响乐团,академический симфонический оркестр московской филармонии,,,合唱重奏与乐团,True,no_exact_match
1233,苏联大剧院小提琴合奏团,ансамбль скрипачей большого театра ссср,苏联大剧院小提琴合奏团。коллектив,,合唱重奏与乐团,True,no_exact_match
1234,补充铜管乐队,банда,,,合唱重奏与乐团,True,no_exact_match
1235,柏林交响乐团（东德）,берлинский симфонический оркестр (гдр),柏林交响乐团,东德,合唱重奏与乐团,True,no_exact_match
1236,中央电视广播大交响乐团,большой симфонический оркестр центрального телевидения и всесоюзного радио,,,合唱重奏与乐团,True,no_exact_match
1237,鲍罗丁四重奏团,бородинский квартет,,,合唱重奏与乐团,True,no_exact_match
1238,匈牙利歌剧院,венгерский оперный театр,匈牙利歌剧院。ведущий оперный театр Венгрии,,合唱重奏与乐团,True,no_exact_match
1239,维也纳爱乐乐团,венский филармонический оркестр,,,合唱重奏与乐团,True,no_exact_match
1240,音乐会,концертный зал,音乐会。специальное помещение,,合唱重奏与乐团,True,no_exact_match
1241,费城交响乐团,филадельфийский симфонический оркестр,,,合唱重奏与乐团,True,no_exact_match
1242,轻音乐团,эстрадный оркестр,,,合唱重奏与乐团,True,no_exact_match
1243,匈牙利交响乐团,венгерсий симфонический оркестр,,,合唱重奏与乐团,True,no_exact_match
1244,维也纳国家歌剧院,венская государственная опера,,,合唱重奏与乐团,True,no_exact_match
1245,布商大厦,гевандхауз,,,合唱重奏与乐团,True,no_exact_match
1246,苏联国立俄罗斯学院合唱团,государственный академический русский хор ссср,,,合唱重奏与乐团,True,no_exact_match
1247,苏联国家学术交响乐团,государственный академический симфонический оркестр ссср,,,合唱重奏与乐团,True,no_exact_match
1248,乌克兰国家学术交响乐团,государственный академический симфонический оркестр усср,,,合唱重奏与乐团,True,no_exact_match
1249,德累斯顿交响乐团（东德）,дрезденский симфонический оркестр (гдр),德累斯顿交响乐团,东德,合唱重奏与乐团,True,no_exact_match
1250,皇家爱乐乐团,королевский филармонический оркестр,,,合唱重奏与乐团,True,no_exact_match
1251,莱比锡布商大厦交响乐团（东德）,лейпцигский симфонический оркестр гевандхауза (гдр),莱比锡布商大厦交响乐团,东德,合唱重奏与乐团,True,no_exact_match
1252,莫斯科国立爱乐协会,московская государственная филармония,,,合唱重奏与乐团,True,no_exact_match
1253,莫斯科私立俄罗斯歌剧院,московская частная русская опера,莫斯科私立俄罗斯歌剧院。оперный театр,,合唱重奏与乐团,True,no_exact_match
1254,莫斯科室内乐团,московский камерный оркестр,,,合唱重奏与乐团,True,no_exact_match
1255,法国国家广播交响乐团,национальный оркестр французского радио и телевидения,,,合唱重奏与乐团,True,no_exact_match
1256,纽约爱乐乐团,нью-йоркский филармонический оркестр,,,合唱重奏与乐团,True,no_exact_match
1259,巴赫,Бах,约翰·塞巴斯蒂安·巴赫,johann sebastian bach,作曲家与音乐人物,False,no_exact_match
1260,亨德尔,Гендель,格奥尔格·弗里德里希·亨德尔,georg friedrich händel,作曲家与音乐人物,False,no_exact_match
1261,莫扎特,Моцарт,沃尔夫冈·阿马德乌斯·莫扎特,wolfgang amadeus mozart,作曲家与音乐人物,False,no_exact_match
1262,海顿,Гайдн,弗朗茨·约瑟夫·海顿,franz joseph haydn,作曲家与音乐人物,False,no_exact_match
1263,贝多芬,Бетховен,路德维希·范·贝多芬,ludwig van beethoven,作曲家与音乐人物,False,no_exact_match
1264,车尔尼,Черни,卡尔·车尔尼,carl czerny,作曲家与音乐人物,False,no_exact_match
1265,舒伯特,Шуберт,弗朗茨·舒伯特,franz schubert,作曲家与音乐人物,False,no_exact_match
1266,舒曼,Шуман,罗伯特·舒曼,robert schumann,作曲家与音乐人物,False,no_exact_match
1267,门德尔松,Мендельсон,费利克斯·门德尔松,felix mendelssohn,作曲家与音乐人物,True,no_exact_match
1268,肖邦,Шопен,弗雷德里克·肖邦,fryderyk chopin,作曲家与音乐人物,False,no_exact_match
1269,李斯特,Лист,弗朗茨·李斯特,franz liszt,作曲家与音乐人物,False,no_exact_match
1270,勃拉姆斯,Брамс,约翰内斯·勃拉姆斯,johannes brahms,作曲家与音乐人物,False,no_exact_match
1271,罗西尼,Россини,焦阿基诺·罗西尼,gioachino rossini,作曲家与音乐人物,False,no_exact_match
1272,普契尼,Пуччини,贾科莫·普契尼,giacomo puccini,作曲家与音乐人物,False,no_exact_match
1273,瓦格纳,Вагнер,理查德·瓦格纳,richard wagner,作曲家与音乐人物,False,no_exact_match
1274,威尔第,Верди,朱塞佩·威尔第,giuseppe verdi,作曲家与音乐人物,False,no_exact_match
1275,马勒,Малер,古斯塔夫·马勒,gustav mahler,作曲家与音乐人物,False,no_exact_match
1276,格里格,Григ,爱德华·格里格,edvard grieg,作曲家与音乐人物,False,no_exact_match
1277,柴可夫斯基,Чайковский,彼得·伊里奇·柴可夫斯基,pyotr tchaikovsky,作曲家与音乐人物,False,no_exact_match
1278,巴拉基列夫,Балакирев,米利·巴拉基列夫,mily balakirev,作曲家与音乐人物,False,no_exact_match
1279,穆索尔斯基,Мусоргский,莫杰斯特·穆索尔斯基,modest mussorgsky,作曲家与音乐人物,False,no_exact_match
1280,拉赫玛尼诺夫,Рахманинов,谢尔盖·拉赫玛尼诺夫,sergei rachmaninoff,作曲家与音乐人物,False,no_exact_match
1281,普罗科菲耶夫,Прокофьев,谢尔盖·普罗科菲耶夫,sergei prokofiev,作曲家与音乐人物,False,no_exact_match
1282,斯克里亚宾,Скрябин,亚历山大·斯克里亚宾,alexander scriabin,作曲家与音乐人物,False,no_exact_match
1283,辛德米特,Хиндемит,保罗·欣德米特,paul hindemith,作曲家与音乐人物,False,no_exact_match
1284,勋伯格,Шёнберг,阿诺尔德·勋伯格,arnold schoenberg,作曲家与音乐人物,False,no_exact_match
1286,瓜尔内里,гварнери,瓜尔内里家族，意大利克雷莫纳著名的弦乐器制造世家，与斯特拉迪瓦里家族齐名。创始人安德烈亚·瓜尔内里,andrea guarneri,作曲家与音乐人物,True,no_exact_match
1287,《黎明》奏鸣曲,«АВРОРА»,,,音乐作品,True,no_exact_match
1288,《阿依达》,«АИДА»,"《阿依达》。опера Дж. Верди, сочинённая в 1870 г.",по заказу египетского правительства,音乐作品,True,no_exact_match
1289,《少年曲集》,«АЛЬБОМ ДЛЯ ЮНОШЕСТВА»,《少年曲集》。сборник фортепианных пьес Р. Шумана,соч. 1848 г.,音乐作品,True,no_exact_match
1290,《英国组曲》,«АНГЛИЙСКИЕ СЮИТЫ»,,,音乐作品,True,no_exact_match
1291,《热情》奏鸣曲,«АППАССИОНАТА»,,,音乐作品,True,no_exact_match
1292,《阿拉贡霍塔》,«АРАГОНСКАЯ ХОТА»,《阿拉贡霍塔》。оркестровая пьеса М. Глинки,,音乐作品,True,no_exact_match
1293,《阿斯科利德的坟墓》,«АСКОЛЬДОВА МОГИЛА»,《阿斯科利德的坟墓》。опера А. Н. Верстовского,,音乐作品,True,no_exact_match
1296,《幻想圆舞曲》,«ВАЛЬС-ФАНТАЗИЯ»,,,音乐作品,True,no_exact_match
1297,《华沙之歌》,«ВАРШАВЯНКА»,,,音乐作品,True,no_exact_match
1298,《匈牙利（吉普赛）音阶》,«ВЕНГЕРСКАЯ» («ЦЫГАНСКАЯ») ГАММА,《匈牙利,吉普赛,音乐作品,True,no_exact_match
1299,《四季》,«ВРЕМЕНА ГОДА»,《四季》。фортепианный цикл П. И. Чайковского,,音乐作品,True,no_exact_match
1300,《你们壮烈牺牲》,«ВЫ ЖЕРТВОЮ ПАЛИ»,《你们壮烈牺牲》。русская революционная песня,,音乐作品,True,no_exact_match
1302,《英雄交响曲》,«ГЕРОИЧЕСКАЯ СИМФОНИЯ»,,,音乐作品,True,no_exact_match
1303,《世界民主青年颂》,«ГИМН ДЕМОКРАТИЧЕСКОЙ МОЛОДЁЖИ МИРА»,《世界民主青年颂》。песня Л. Книппера,на слова л. ошанина,音乐作品,True,no_exact_match
1304,《恶魔》,«ДЕМОН»,《恶魔》。опера А. Рубинштейна,,音乐作品,True,no_exact_match
1306,《儿童音乐》,«ДЕТСКАЯ МУЗЫКА»,,,音乐作品,True,no_exact_match
1308,《儿童角落》,«ДЕТСКИЙ УГОЛОК»,《儿童角落》。фортепианная сюита К. Дебюсси,,音乐作品,True,no_exact_match
1310,《火鸟》,«ЖАР-ПТИЦА»,"《火鸟》。балет И. Стравинского, созданный в 1909 г.",либретто м. фокина,音乐作品,True,no_exact_match
1311,《苦役折磨》,«ЗАМУЧЁН ТЯЖЕЛОЙ НЕВОЛЕЙ»,《苦役折磨》。русская революционная песня,,音乐作品,True,no_exact_match
1313,《灰姑娘》,«ЗОЛУШКА»,《灰姑娘》。балет С. Прокофьева,,音乐作品,True,no_exact_match
1315,《西班牙随想曲》,«ИСПАНСКОЕ КАПРИЧЧИО»,,,音乐作品,True,no_exact_match
1316,《意大利随想曲》,«ИТАЛЬЯНСКОЕ КАПРИЧЧИО»,,,音乐作品,True,no_exact_match
1318,《钟》,«КАМПАНЕЛЛА»,《钟》。название музыкальной пьесы,,音乐作品,True,no_exact_match
1320,《图画展览会》,«КАРТИНКИ С ВЫСТАВКИ»,,,音乐作品,True,no_exact_match
1321,《姆岑斯克县的麦克白夫人》,«КАТЕРИНА ИЗМАЙЛОВА»,《姆岑斯克县的麦克白夫人》。опера Д. Шостаковича,,音乐作品,True,no_exact_match
1322,《喀秋莎》,«КАТЮША»,,,音乐作品,True,no_exact_match
1324,《古典交响曲》,«КЛАССИЧЕСКАЯ СИМФОНИЯ»,,,音乐作品,True,no_exact_match
1326,《科文特花园》,«КОВЕНТ-ГАРДЕН»,,,音乐作品,True,no_exact_match
1327,《科拉·布留农》,«КОЛА БРЮНЬОН»,《科拉·布留农》。опера Д. Кабалевского,,音乐作品,True,no_exact_match
1328,《尼伯龙根的指环》,«КОЛЬЦО НИБЕЛУНГА»,,,音乐作品,True,no_exact_match
1329,《斯卡拉》,«ЛА СКАЛА»,,,音乐作品,True,no_exact_match
1330,《天鹅湖》,«ЛЕБЕДИНОЕ ОЗЕРО»,,,音乐作品,True,no_exact_match
1332,《罗恩格林》,«ЛОЭНГРИН»,,,音乐作品,True,no_exact_match
1333,《月光奏鸣曲》,«ЛУННАЯ СОНАТА»,,,音乐作品,True,no_exact_match
1334,《曼弗雷德》,«МАНФРЕД»,,,音乐作品,True,no_exact_match
1335,《马赛曲》,«МАРСЕЛЬЕЗА»,《马赛曲》。французская революционная песня,с 1879 г. — государственный гимн франции,音乐作品,True,no_exact_match
1336,《大都会歌剧院》,«МЕТРОПОЛИТЕН-ОПЕРА»,,,音乐作品,True,no_exact_match
1337,《小宇宙》,«МИКРОКОСМОС»,,,音乐作品,True,no_exact_match
1338,《青年近卫军》,«МОЛОДАЯ ГВАРДИЯ»,,,音乐作品,True,no_exact_match
1339,《我的祖国》,«МОЯ РОДИНА»,,,音乐作品,True,no_exact_match
1340,《未完成交响曲》,«НЕОКОНЧЕННАЯ СИМФОНИЯ»,《未完成交响曲》。название,,音乐作品,True,no_exact_match
1341,《马德里之夜》,«НОЧЬ В МАДРИДЕ»,《马德里之夜》。оркестровая пьеса М. Глинки,,音乐作品,True,no_exact_match
1342,《荒山之夜》,«НОЧЬ НА ЛЫСОЙ ГОРЕ»,,,音乐作品,True,no_exact_match
1343,《悲壮清唱剧》,«ПАТЕТИЧЕСКАЯ ОРАТОРИЯ»,《悲壮清唱剧》。название оратории Г. Свиридова,,音乐作品,True,no_exact_match
1344,《悲怆交响曲》,«ПАТЕТИЧЕСКАЯ СИМФОНИЯ»,《悲怆交响曲》。название Шестой симфонии П. Чайковского,си минор,音乐作品,True,no_exact_match
1345,《悲怆奏鸣曲》,«ПАТЕТИЧЕСКАЯ СОНАТА»,,,音乐作品,True,no_exact_match
1346,《培尔·金特》,«ПЕР ГЮНТ»,,,音乐作品,True,no_exact_match
1347,《祖国之歌》,«ПЕСНЯ О РОДИНЕ»,,,音乐作品,True,no_exact_match
1348,《彼得与狼》,«ПЕТЯ И ВОЛК»,,,音乐作品,True,no_exact_match
1350,《沿山谷沿山岗》,«ПО ДОЛИНАМ И ПО ВЗГОРЬЯМ»,,,音乐作品,True,no_exact_match
1351,《莫斯科郊外的晚上》,«ПОДМОСКОВНЫЕ ВЕЧЕРА»,,,音乐作品,True,no_exact_match
1352,《原野》,«ПОЛЮШКО»,《原野》。популярная песня,,音乐作品,True,no_exact_match
1353,《前奏曲》（李斯特）,«ПРЕЛЮДЫ»,《前奏曲》,李斯特,音乐作品,True,no_exact_match
1354,《被出卖的新娘》,«ПРОДАННАЯ НЕВЕСТА»,《被出卖的新娘》。опера Б. Сметаны,,音乐作品,True,no_exact_match
1355,《告别交响曲》,«ПРОЩАЛЬНАЯ СИМФОНИЯ»,《告别交响曲》。название 45-й симфонии,фа-диез минор,音乐作品,True,no_exact_match
1356,《雷蒙达》,«РАЙМОНДА»,《雷蒙达》。балет А. Глазунова,,音乐作品,True,no_exact_match
1357,《莫斯科河上的黎明》,«РАССВЕТ НА МОСКВЕ-РЕКЕ»,,,音乐作品,True,no_exact_match
1358,《弄臣》,«РИГОЛЕТТО»,《弄臣》。опера Дж. Верди,,音乐作品,True,no_exact_match
1359,《罗密欧与朱丽叶》,«РОМЕО И ДЖУЛЬЕТТА»,《罗密欧与朱丽叶》。балет С. Прокофьева,,音乐作品,True,no_exact_match
1360,《水仙女》,«РУСАЛКА»,,,音乐作品,True,no_exact_match
1363,《神圣的战争》,«СВЯЩЕННАЯ ВОЙНА»,《神圣的战争》。популярная песня,,音乐作品,True,no_exact_match
1364,《塞维利亚的理发师》,«СЕВИЛЬСКИЙ ЦИРЮЛЬНИК»,《塞维利亚的理发师》。опера Дж. Россини,,音乐作品,True,no_exact_match
1366,《同志们勇敢前进》,"«СМЕЛО, ТОВАРИЩИ, В НОГУ»",《同志们勇敢前进》。русская революционная песня,,音乐作品,True,no_exact_match
1368,《苏联音乐》（杂志）,«СОВЕТСКАЯ МУЗЫКА»,《苏联音乐》,杂志,音乐作品,True,no_exact_match
1369,《斯巴达克斯》,«СПАРТАК»,《斯巴达克斯》。балет А. Хачатуряна,,音乐作品,True,no_exact_match
1370,《睡美人》,«СПЯЩАЯ КРАСАВИЦА»,《睡美人》。балет П. Чайковского,,音乐作品,True,no_exact_match
1371,《受难曲》,«СТРАСТИ» («ПАССИОНЫ»),,,音乐作品,True,no_exact_match
1372,《静静的顿河》,«ТИХИЙ ДОН»,《静静的顿河》。опера И. Дзержинского,,音乐作品,True,no_exact_match
1373,《特列帕克》,«ТРЕПАК»,《特列帕克》。русский народный танец,,音乐作品,True,no_exact_match
1374,《幻想交响曲》,«ФАНТАСТИЧЕСКАЯ СИМФОНИЯ»,《幻想交响曲》。название симфонии Г. Берлиоза,,音乐作品,True,no_exact_match
1375,《浮士德》,«ФАУСТ»,《浮士德》。опера Ш. Гуно,,音乐作品,True,no_exact_match
1376,《法国组曲》,«ФРАНЦУЗСКИЕ СЮИТЫ»,,,音乐作品,True,no_exact_match
1377,《霍万希纳》,«ХОВАНЩИНА»,,,音乐作品,True,no_exact_match
1378,《六人团》,«ШЕСТЁРКА»,《六人团》。название,,音乐作品,True,no_exact_match
1379,《天方夜谭》,«ШЕХЕРАЗАДА»,,,音乐作品,True,no_exact_match
1380,《胡桃夹子》,«ЩЕЛКУНЧИК»,《胡桃夹子》。балет П. Чайковского,,音乐作品,True,no_exact_match
1383,音乐会小品,концертштюк,,,音乐作品,True,no_exact_match
1384,阿曼塔,аманта,阿曼塔。см. Фактура. АМАТИ Никколо,1596—1684,舞蹈体裁,True,no_exact_match
1385,阿勒曼德舞曲,аллеманда,阿勒曼德舞曲。танец,,舞蹈体裁,True,no_exact_match
1387,波莱罗舞曲,болеро,波莱罗舞曲。испанский народный танец,,舞蹈体裁,True,no_exact_match
1390,戈帕克舞曲,гопак,戈帕克,гопак/hopak,舞蹈体裁,True,no_exact_match
1391,吉格舞曲,жига,吉格,жига/jig,舞蹈体裁,True,no_exact_match
1392,卡德里尔舞,кадриль,卡德里尔,кадриль/quadrille,舞蹈体裁,True,no_exact_match
1393,连德勒舞曲,лендлер,连德勒舞曲。австрийский крестьянский танец,,舞蹈体裁,True,no_exact_match
1394,吕尔舞曲,лур,,,舞蹈体裁,True,no_exact_match
1395,帕凡舞曲,павана,帕凡,павана/pavane,舞蹈体裁,True,no_exact_match
1396,波尔卡,полька,,,舞蹈体裁,True,no_exact_match
1397,波尔卡-玛祖卡,полька-мазурка,波尔卡-玛祖卡。бальный танец,,舞蹈体裁,True,no_exact_match
1398,萨拉班德舞曲,сарабанда,萨拉班德,сарабанда/sarabande,舞蹈体裁,True,no_exact_match
1399,塞吉迪亚舞曲,сегидилья,塞吉迪亚,сегидилья/seguidilla,舞蹈体裁,True,no_exact_match
1400,西西里纳舞曲,сицилиана,,,舞蹈体裁,True,no_exact_match
1401,塔兰泰拉舞曲,тарантелла,塔兰泰拉舞曲。итальянский народный танец,название происходит от города таранто на юге италии,舞蹈体裁,True,no_exact_match
1402,凡丹戈舞曲,фанданго,凡丹戈,фанданго/fandango,舞蹈体裁,True,no_exact_match
1403,法朗多拉舞曲,фарандола,法朗多拉舞曲。провансальский народный танец,прованс — область на юге франции,舞蹈体裁,True,no_exact_match
1404,哈巴涅拉舞曲,хабанера,哈巴涅拉,хабанера/habanera,舞蹈体裁,True,no_exact_match
1406,霍塔舞曲,хота,霍塔舞曲。испанский народный танец,,舞蹈体裁,True,no_exact_match
1407,恰尔达什舞曲,чардаш,恰尔达什,чардаш/csárdás,舞蹈体裁,True,no_exact_match
1409,苏格兰舞曲,экосез,苏格兰舞曲。шотландский народный танец,название по-французки — écossaise — шотландская,舞蹈体裁,True,no_exact_match
1410,反复记号（沃尔塔）,вольта,沃尔塔,вольта/volta,舞蹈体裁,True,no_exact_match
1411,加洛普舞,галоп,加洛普,галоп/galop,舞蹈体裁,True,no_exact_match
1412,加亚尔达舞曲,гальярда,加亚尔达,гальярда/gagliarda,舞蹈体裁,True,no_exact_match
1414,乡村舞曲,контрданс,英国乡村舞蹈,контрданс/country dance,舞蹈体裁,True,no_exact_match
1415,克拉科维亚克,краковяк,,,舞蹈体裁,True,no_exact_match
1416,库朗特,куранта,库朗特。танец,,舞蹈体裁,True,no_exact_match
1417,库亚维亚克,куявяк,库亚维亚克。польский народный танец,куявяки — жители куявии; отсюда и название танца,舞蹈体裁,True,no_exact_match
1418,列兹金卡,лезгинка,列兹金卡，高加索各民族,列兹金人、车臣人、格鲁吉亚人等,舞蹈体裁,True,no_exact_match
1419,马拉盖尼亚,малагенья,马拉盖尼亚。испанский народный танец,название происходит от области малага в испании,舞蹈体裁,True,no_exact_match
1420,木卡姆,мугам,木卡姆。вокально-инструментальный жанр,,舞蹈体裁,True,no_exact_match
1421,民间舞蹈,народные танцы,民间舞蹈。танцы,,舞蹈体裁,True,no_exact_match
1422,奥别列克,оберек,,,舞蹈体裁,True,no_exact_match
1423,里戈东,ригодон,,,舞蹈体裁,True,no_exact_match
1425,帕斯皮耶,паспье,,,舞蹈体裁,True,no_exact_match
1426,歌曲,песня,歌曲。одна из форм вокальной музыки,,音乐风格与流派,True,no_exact_match
1452,比德迈尔风格,бидермейер,,,音乐风格与流派,True,no_exact_match
1455,现实主义,реализм,现实主义。правдивое отражение жизни в искусстве,от латинского realis — вещественный,音乐风格与流派,True,no_exact_match
1456,浪漫主义,романтизм,,,音乐风格与流派,True,no_exact_match
1458,布里梅,буриме,布里梅。см. Римы. БУРЛЮК Давид Давидович,1882—1967,音乐风格与流派,True,no_exact_match
1461,印象主义,импрессионизм,,,音乐风格与流派,True,no_exact_match
1462,轻音乐,легкая музыка,轻音乐。музыка,,音乐风格与流派,True,no_exact_match
1503,起唱,запев,起唱。начало хоровой песни,,俄罗斯声乐学派与民族音乐,True,no_exact_match
1506,歌调,попевка,短歌/旋律型,попевка/popevka,俄罗斯声乐学派与民族音乐,True,no_exact_match
1509,作品编号,опус,作品编号。термин,,音乐机构与演出,True,no_exact_match
1510,学院,академия,学院。название различного рода обществ,,音乐机构与演出,True,no_exact_match
1511,演出聘约,ангажемент,,,音乐机构与演出,True,no_exact_match
1512,歌舞团,ансамбль песни и пляски,歌舞团。большой исполнительский коллектив,,音乐机构与演出,True,no_exact_match
1514,听众,аудитория,听众。слушатели,,音乐机构与演出,True,no_exact_match
1515,拜罗伊特节日剧院,байройтский театр,,,音乐机构与演出,True,no_exact_match
1516,别利亚耶夫小组,беляевский кружок,,,音乐机构与演出,True,no_exact_match
1517,免费音乐学校,бесплатная музыкальная школа,,,音乐机构与演出,True,no_exact_match
1518,音乐学院,консерватория,,,音乐机构与演出,True,no_exact_match
1519,音乐专科学校,музыкальное училище,,,音乐机构与演出,True,no_exact_match
1520,音乐比赛,музыкальные конкурсы,音乐比赛。соревнования музыкантов,,音乐机构与演出,True,no_exact_match
1521,音乐节,фестивали музыкальные,音乐节。цикл концертов или спектаклей,,音乐机构与演出,True,no_exact_match
1523,儿童音乐学校,детская музыкальная школа,儿童音乐学校。учебное заведение,,音乐机构与演出,True,no_exact_match
1524,评审委员会,жюри,评审委员会。комиссия,,音乐机构与演出,True,no_exact_match
1525,共和国功勋集体,заслуженный коллектив республики,共和国功勋集体。почётное звание,,音乐机构与演出,True,no_exact_match
1529,音乐体系,музыкальная система,音乐体系。ряд музыкальных звуков,,音乐教育与理论,True,no_exact_match
1588,和弦式织体,аккордовый склад,和弦式织体。способ изложения музыкальной ткани,,音乐教育与理论,True,no_exact_match
1591,配器,инструментовка,,,音乐教育与理论,True,no_exact_match
1594,配器法,оркестровка,,,音乐教育与理论,True,no_exact_match
1595,改编曲,транскрипция,,,音乐教育与理论,True,no_exact_match
1596,组合,группировка,,,音乐教育与理论,True,no_exact_match
1597,演绎,интерпретация,,,音乐教育与理论,True,no_exact_match
1598,作曲,композиция,作曲。сочинение музыки,,音乐教育与理论,True,no_exact_match
1599,旋律装饰音型,мелодическая фигурация,旋律装饰音型。мелодическое движение голосов,,音乐教育与理论,True,no_exact_match
1600,旋律位置,мелодическое положение,旋律位置。термин,,音乐教育与理论,True,no_exact_match
1601,音乐学,музыкознание,音乐学。наука о музыке,,音乐教育与理论,True,no_exact_match
1644,阿纳克里翁体诗,анакреонтическая поэзия,阿纳克里翁体诗。поэзия,,音乐教育与理论,True,no_exact_match
1646,泵阀弹簧片,пин,泵阀弹簧片。деталь вентиля помповой системы,,音乐教育与理论,True,no_exact_match
1647,噪音,шумовой звук,"噪音。звук, не имеющий",в отличие от музыкального,音乐教育与理论,True,no_exact_match
1648,泛音,обертоны (гармонические),泛音。призвуки,,音乐教育与理论,True,no_exact_match
1649,编配,обработка,,,音乐教育与理论,True,no_exact_match
1650,经过句,пассаж,经过句。небольшая музыкальная фраза,,音乐教育与理论,True,no_exact_match
1651,音乐文献学,музыкальная литература,音乐文献学。учебная дисциплина,,音乐教育与理论,True,no_exact_match
1653,练习（技术训练）,упражнения,练习,技术训练,音乐教育与理论,True,no_exact_match
1654,视奏,чтение с листа,,,音乐教育与理论,True,no_exact_match
1655,基本乐理,элементарная теория музыки,基本乐理。учебная дисциплина,,音乐教育与理论,True,no_exact_match
1656,走音,детонирование,走音。фальшивое,,音乐教育与理论,True,no_exact_match
1658,音乐史,история музыки,,,音乐教育与理论,True,no_exact_match
